City,CO,DEW,H,NO2,O3,P,PM10,PM25,SO2,T,W,WG
"Kurla, Mumbai, India",0.9,23,70.85000000000001,1.4,11.6,1007.98,71,123,7.5,32,2.153333333333333,9.2
"Kurla, Mumbai, India",0.8,24,74.3775,1.4,11.8,1007.5500000000001,81,143,7.5,33,2.025,9.2
"Kurla, Mumbai, India",0.7,24,74.8175,1.4,11.5,1006.8775,81,143,7.5,33,2.4525,9.2
"Kurla, Mumbai, India",0.7,24,74.985,1.3,11.5,1005.2750000000001,96,155,7.5,33,3.2,9.2
"Kurla, Mumbai, India",0.6,24,71.28,1.3,11.6,1004.3299999999999,96,155,7.5,33,2.9299999999999997,9.2
"Kurla, Mumbai, India",0.4,24,73.585,1.2,11.6,1003.855,97,156,7.5,33,2.9699999999999998,9.2
"Kurla, Mumbai, India",0.3,24,78.53000000000002,1.1,11.6,1003.8966666666666,90,153,7.5,33,2.9,9.2
"Kurla, Mumbai, India",0.3,24,82.535,1.1,11.6,1004.175,82,146,7.5,33,2.5300000000000002,9.2
"Kurla, Mumbai, India",0.8,23.8,68.71,1.4,11.4,1007.52,61,104,30.4,1.97
"Maninagar, Ahmedabad, India",5.7,18.7,15.263,11.1,11.5,1001,104,173,15.9,31,0.37
"Sikulpuikawn, Aizawl, India",0.6,21.5,65.535,0.2,0.9,888.56,55,12,0.9,30.4,8.265
"Golden Temple, Amritsar, India",17.9,4,62.85,8.8,11,1006,65,105,20,37.2,0.97,6.6
"Hombegowda Nagar, Bengaluru, India",3.6,22,52.333333333333336,2.9,28,713,51,60,6,22.46666666666667,0.9666666666666667
"T T Nagar, Bhopal, India",8.9,16.3,67,3.7,61.5,703,89,91,9.5,20.966666666666665,0.5
"GM Office, Brajrajnagar, India",12,11,37.3,5.1,23.2,1010,50,75,4.4,38,0.8,9.2
"Sector 22, Chandigarh, India",9,10.2,31,12.6,50.9,967.5,77,154,10.6,27.15,1
"Royapuram, Chennai, Chennai, India",1,71.33333333333333,6.1,8.2,731.6666666666666,29,34,4.7,27.5,1.2666666666666668,6.6
"SIDCO Kurichi, Coimbatore, India",4.1,21,51.425,5.7,12.5,806.9100000000001,41,46,8.1,31.5,0.41000000000000003,8.7
"Major Dhyan Chand National Stadium, Delhi, Delhi, India",10,12,39.5,17,37.2,981.1666666666666,189,181,9.4,32.56666666666667,0.9666666666666667,148.6,8.7
"Pan Bazaar, Guwahati, India",4.1,21,88,6.8,1012,16,55,12.4,23,10.2
"Somajiguda, Hyderabad, India",6.5,18,43.4225,5.2,6,1013,59,107,4.8,32,2,10.2
"Police Commissionerate, Jaipur, India",10.7,5,15.954999999999998,37.1,22.8,734.63,108,173,8.3,36.135000000000005,1.2999999999999998,11.3
"Ballygunge, Kolkata, India",8.2,25,43.14,7.8,8.3,1005.75,58,106,3,32,0.6950000000000001,12.6
"B R Ambedkar University, Lucknow, India",3.1,15,45.97666666666667,4.4,23.9,743.96,101,98,24.3,30,1.1433333333333333,9.2
"Kurla, Mumbai, India",0.8,23.8,69.83,1.4,11.4,1007.4649999999999,61,104,30.4,2.055
"IGSC Planetarium Complex, Patna, India",14,19,65,24.4,745,90,10.6,26.166666666666668,2.6999999999999997,9.2
"Lumpyngngad, Shillong, India",1.9,25,59.1425,0.2,32.3,83.7,58,69,3.3,24.4975,14.557500000000001,12.8
"Talcher Coalfields, Talcher, India",23.4,22.4,19.79,9.9,0.2,128,191,42.3,26.4,2.14
"Plammoodu, Thiruvananthapuram, India",2.9,27,74.5,5,7.6,750,40,70,3.3,24.95,1.1
"Maninagar, Ahmedabad, India",4.9,19.4,18.064,11.1,30,1001,110,160,15.6,37.4,0.395
"Sikulpuikawn, Aizawl, India",0.6,20.2,66.125,0.2,0.3,887.625,55,25,0.9,20.8,8.05
"Golden Temple, Amritsar, India",27.4,4.5,62.7,7,20.7,1006,32,99,30.7,39.345,0.88,6.6
"Hombegowda Nagar, Bengaluru, India",3.4,21,49.333333333333336,2.7,30.9,713,52,56,5.4,22.53333333333333,1.3333333333333333
"T T Nagar, Bhopal, India",8.7,15.4,29,5.8,70.4,700.3333333333334,105,92,9.3,21.900000000000002,0.5666666666666665
"GM Office, Brajrajnagar, India",11.5,13,38.545,5,32.3,1009,62,96,4.4,35,1.15,9.2
"Sector 22, Chandigarh, India",9.5,11.4,34.5,10.2,55.8,968.6,70,120,9.2,28.35,0.9
"Royapuram, Chennai, Chennai, India",5.8,71.66666666666667,5.6,8.1,731.3333333333334,26,28,4.6,27.599999999999998,1.5999999999999999,9.5
"SIDCO Kurichi, Coimbatore, India",3.8,22,46.8,6.5,21.2,805.745,36,13,8.3,33,0.955,8.7
"Major Dhyan Chand National Stadium, Delhi, Delhi, India",9.3,10,36.33333333333333,17,52.9,980.9,290,199,9.3,33.96666666666667,2.5333333333333337,76.8,8.7
"Pan Bazaar, Guwahati, India",4.5,21,78,6.8,1011,9,29,12.2,25,10.2
"Somajiguda, Hyderabad, India",7.7,18,39.6025,5.3,7.5,1012,58,108,4.9,33,1.495,10.2
"Police Commissionerate, Jaipur, India",9.1,4.5,13.690000000000001,38,26.6,734.405,111,168,7.8,37.725,1.5,11.3
"Ballygunge, Kolkata, India",9.1,24,49.845,9.3,8.2,1005.2,56,109,3.4,33,0.93,12.6
"B R Ambedkar University, Lucknow, India",3,15,42.083333333333336,4.4,28.4,743.5933333333332,100,102,24.6,32,1.18,9.2
"Kurla, Mumbai, India",1.5,23.3,74.945,1.7,11.6,1006.98,63,108,32.8,2.465
"IGSC Planetarium Complex, Patna, India",14.2,19,64,24.3,745,92,10.8,26,2.3666666666666667,9.2
"JN Stadium, Shillong, India",5.5,20.5,69.97999999999999,9.2,0.2,858.9449999999999,86,22,1.065,13.6
"Talcher Coalfields, Talcher, India",19.4,22.4,17.314999999999998,8.9,0.2,104,196,36.6,26.4,2.305
"Plammoodu, Thiruvananthapuram, India",3.2,27,71,4.8,3.3,750,40,71,3.1,24.8,2.2
"Maninagar, Ahmedabad, India",4.6,19.4,19.5945,11.2,35.5,1001,99,155,17.1,37.4,0.55
"Sikulpuikawn, Aizawl, India",0.6,20.2,95.89,0.1,2.7,888.05,59,21,0.9,20.8,23.415
"Golden Temple, Amritsar, India",29.5,4,62.575,6.3,24.9,1005,59,160,33.3,40.765,0.715,6.6
"Hombegowda Nagar, Bengaluru, India",3.1,19,43.666666666666664,2.4,35.3,712,55,58,5.3,22.433333333333337,1.5333333333333332
"T T Nagar, Bhopal, India",9.5,15.4,15,18.1,84.6,699.6666666666666,93,85,10.2,22.733333333333334,0.8333333333333334
"GM Office, Brajrajnagar, India",2.6,13,34.895,5.2,7,1008.5,75,124,4.4,34.5,0.74,9.2
"Sector 22, Chandigarh, India",10.5,11.4,34,9.8,51,968.6,75,136,8.3,28.65,0.8500000000000001
"Royapuram, Chennai, Chennai, India",4.7,70,4.2,6.9,727,15,15,5,31.266666666666666,1.5,9
"SIDCO Kurichi, Coimbatore, India",4.1,21.5,42.305,7.5,25.2,804.125,36,1,8.3,33.5,1.415,8.7
"Major Dhyan Chand National Stadium, Delhi, Delhi, India",7.5,8,33.575,10.5,81.9,980.275,218,181,9.1,34.875,0.975,137.4,8.7
"Pan Bazaar, Guwahati, India",4.3,20,71.5,6.8,1011,10,34,11.9,25.5,10.2
"Somajiguda, Hyderabad, India",7.5,19,35.5475,5.2,8.7,1012,58,104,5,34,1.5375,10.2
"Police Commissionerate, Jaipur, India",13.8,4.5,12.594999999999999,37.9,26.3,733.8299999999999,94,165,8.1,38.739999999999995,1.47,11.3
"Ballygunge, Kolkata, India",9.5,25,42.005,9.8,8.2,1004.6,54,103,3.8,33,0.325,12.6
"B R Ambedkar University, Lucknow, India",2.8,14,36.82666666666667,4.3,32.3,743.2399999999999,92,91,25.4,33,1.03,9.2
"Kurla, Mumbai, India",1.4,23.3,73.32499999999999,1.7,11.7,1006.425,72,125,32.8,2.975
"IGSC Planetarium Complex, Patna, India",14.3,19,63.333333333333336,24.3,745,89,11,25.96666666666667,3,9.2
"Lumpyngngad, Shillong, India",2.5,20,82.055,0.2,16.3,83.94999999999999,7,9,2,19.619999999999997,2.595,10.2
"Talcher Coalfields, Talcher, India",16.5,18.7,15.475,8.3,0.2,77,124,35.5,32.6,2.52
"Plammoodu, Thiruvananthapuram, India",2.7,27,70.66666666666667,4.3,6.7,750,53,90,5.2,25.233333333333334,2.766666666666667
"Maninagar, Ahmedabad, India",4.4,19.4,18.3165,11.4,29.8,1001,112,152,16.7,37.4,0.635
"Sikulpuikawn, Aizawl, India",0.6,20.2,98.195,0.1,4.8,889.31,62,18,0.9,20.8,24.215
"Golden Temple, Amritsar, India",19.7,3,62.555,4.3,32,1004.5,66,167,22,41.965,0.605,6.6
"Hombegowda Nagar, Bengaluru, India",3.3,19,38,2.4,40.3,711,56,64,4.5,22.3,1.4000000000000001
"T T Nagar, Bhopal, India",10,-5,14.333333333333334,15,91.9,699,78,69,10.7,23.066666666666663,0.8666666666666666
"GM Office, Brajrajnagar, India",2.6,13,33.56,5.2,7,1007,76,125,4.4,35,0.7749999999999999,9.2
"Sector 22, Chandigarh, India",10.9,11.4,31.5,11.9,43.4,968.6,81,151,8,29.4,0.7
"Royapuram, Chennai, Chennai, India",1.7,71.66666666666667,5,5.9,727.3333333333334,15,21,3.7,33.03333333333333,1.4333333333333336,9
"SIDCO Kurichi, Coimbatore, India",3.7,20,38.085,5.9,30.2,801.845,37,7,8.3,35,0.335,8.7
"Major Dhyan Chand National Stadium, Delhi, Delhi, India",7.5,7,32.73333333333334,10.5,81.9,979.6333333333332,218,181,9.1,35.666666666666664,0.6666666666666666,132.3,8.7
"Pan Bazaar, Guwahati, India",4.3,20,71.5,6.8,1011,10,34,11.9,25.5,10.2
"Somajiguda, Hyderabad, India",7,19,33.67666666666667,6.1,8.4,1010,58,106,5,36,1.89,10.2
"Police Commissionerate, Jaipur, India",8,0,12.085,37.6,26.7,733.175,90,163,7.7,39.705,1.19,11.3
"Ballygunge, Kolkata, India",9.1,25,34.980000000000004,8.9,8.1,1003.95,66,117,6.8,33,0.685,12.6
"B R Ambedkar University, Lucknow, India",2.7,13,34.53333333333333,4.4,34.6,742.6666666666666,85,93,25.6,34,1.0766666666666667,9.2
"Kurla, Mumbai, India",0.5,23.3,71.36,1.3,11.6,1005.41,81,143,32.8,3.08
"IGSC Planetarium Complex, Patna, India",14.7,20,61,24.2,745,95,11.3,25.900000000000002,3.1999999999999997,9.2
"Lumpyngngad, Shillong, India",3.8,19,64.97,0.1,20.6,83.87,15,7,2,23.05,4.32,10.2
"Talcher Coalfields, Talcher, India",14.9,18.7,14.7,7.7,0.2,83,13,28.9,32.6,2.285
"Plammoodu, Thiruvananthapuram, India",5.8,27,69.66666666666667,6.4,4.8,749,42,73,8.1,25.666666666666668,3
"Maninagar, Ahmedabad, India",5.4,13.7,12.69475,11.1,18.4,1001,81,126,13,42.6,0.635
"Sikulpuikawn, Aizawl, India",0.6,19.4,98.945,0.2,0.5,888.0775,8,7,0.9,19.4,23.9925
"Golden Temple, Amritsar, India",14.1,3,62.525,3.3,27.7,1003,87,189,15.5,43.522499999999994,0.7175,6.6
"Hombegowda Nagar, Bengaluru, India",2.6,19,36,2.1,41.4,709,54,62,4.4,22.6,1.2
"T T Nagar, Bhopal, India",7.1,-4,12,9.1,80.5,698,76,57,7.6,24,1.1
"GM Office, Brajrajnagar, India",11.2,11,47.529999999999994,5.3,25.1,1007,62,97,2.3,34,0.6525,9.2
"Sector 22, Chandigarh, India",10.5,12.1,29.75,12.3,58.3,966.4,70,150,7.9,28.775000000000002,0.575
"Royapuram, Chennai, Chennai, India",5.4,74,5.4,8.1,727,16,38,3.1,33.6,1.3,11
"SIDCO Kurichi, Coimbatore, India",3.5,19,33.025000000000006,6.5,35.2,798.6125,36,24,8.2,36,1.6425,8.7
"Major Dhyan Chand National Stadium, Delhi, Delhi, India",7.3,7.5,32.2,9.8,100.8,978,158,165,11.5,36.1,1,146.4,8.7
"Pan Bazaar, Guwahati, India",3.6,19.5,63,6.9,1008.5,7,26,12.7,27,10.2
"Somajiguda, Hyderabad, India",6.7,16.5,30.345,6.7,12.5,1009,61,108,5,36,2.84,10.2
"Police Commissionerate, Jaipur, India",7.1,0.5,11.3525,35.8,24.9,732.2875,90,162,8.1,40.197500000000005,1.1575,11.3
"Ballygunge, Kolkata, India",11.3,25,37.114999999999995,11.5,8.7,1002.5999999999999,68,136,6.7,33,1.1525,12.6
"B R Ambedkar University, Lucknow, India",2.5,13.5,33.75,4.5,37.7,741.47,76,129,25.7,34.5,1.17,9.2
"Kurla, Mumbai, India",0.4,23.5,69.86999999999999,1.2,11.6,1004.3974999999999,83,147,33,2.985
"IGSC Planetarium Complex, Patna, India",14.4,18,56,24.3,745,99,11,25.8,3.4,9.2
"Lumpyngngad, Shillong, India",2.2,19.5,82.87,0.2,18,83.76,19,13,2,16.45,14.44,10.2
"Talcher Coalfields, Talcher, India",11.2,20.8,13.7725,7,0.2,80,116,21.2,34,2.2625
"Plammoodu, Thiruvananthapuram, India",9.2,27,77,5.8,7.2,748,35,64,8.4,25.2,2.7
"Maninagar, Ahmedabad, India",8,13.7,7.320333333333333,11.2,16.8,1001,88,111,22.3,42.6,0.6533333333333333
"Sikulpuikawn, Aizawl, India",0.6,19.4,99.05499999999999,0.2,0.2,887.3499999999999,14,7,0.9,19.4,23.799999999999997
"Golden Temple, Amritsar, India",17.7,3.5,62.56,2,30.7,1002,89,190,19.9,43.555,0.9025000000000001,6.6
"Hombegowda Nagar, Bengaluru, India",3.2,17,35,2.8,36.8,708,54,63,4,22.8,1.4
"T T Nagar, Bhopal, India",5.2,-7,13,3.8,80.4,699,73,50,5.6,24.7,0.7
"GM Office, Brajrajnagar, India",11.5,14.5,60.552499999999995,5.1,19.9,1007,52,78,2.3,29.5,0.4375,9.2
"Sector 22, Chandigarh, India",10.5,12.1,28.5,12.3,67.1,966.4,67,148,7.9,28.1,0.625
"Royapuram, Chennai, Chennai, India",5,71,5.2,8.5,725,28,40,2.9,34,1.5,10.1
"SIDCO Kurichi, Coimbatore, India",3.5,17,30.580000000000002,6.7,18.5,796.135,35,31,8.2,36.5,2.38,8.7
"Major Dhyan Chand National Stadium, Delhi, Delhi, India",7.1,8,33.1,8.6,102.7,977.2,167,166,10.9,35.4,1.2,127.3,8.7
"Pan Bazaar, Guwahati, India",3.6,21,73,6.9,1007,7,26,12.7,26,10.2
"Somajiguda, Hyderabad, India",6.5,15,25.76,6.7,14,1008,65,121,4.8,37,1.22,10.2
"Police Commissionerate, Jaipur, India",5,0,10.64,38.2,21.2,731.6899999999999,78,157,8,40.427499999999995,1.26,11.3
"Ballygunge, Kolkata, India",12.3,24,42.9925,14,8.8,1002.225,80,157,5.8,31,1.19,12.6
"B R Ambedkar University, Lucknow, India",2.3,13.5,32.92,4.5,37.2,741.04,74,173,25.7,35,1.08,9.2
"Kurla, Mumbai, India",0.7,23.5,70.8425,1.3,11.8,1003.5699999999999,86,151,33,2.835
"IGSC Planetarium Complex, Patna, India",14.8,17,55,24.2,745,84,11.3,25.4,3.7,9.2
"Lumpyngngad, Shillong, India",1.4,21,88.19,0.1,22.7,83.78,18,14,2.1,15.68,5.38,10.2
"Talcher Coalfields, Talcher, India",9.9,20.8,13.8575,6.7,0.2,72,118,19.4,34,2.3875
"Plammoodu, Thiruvananthapuram, India",6.6,27,79,4.1,2.1,748,49,81,7.2,24.7,0.9
"Maninagar, Ahmedabad, India",12.5,9,4.4665,11.1,21.7,1001,99,88,33.3,40.5,0.645,8.7
"Sikulpuikawn, Aizawl, India",0.6,19.4,99.19333333333333,0.1,2.1,886.2933333333334,9,7,0.9,19.4,23.873333333333335
"Golden Temple, Amritsar, India",10.9,3,62.62,2.2,31.9,1001.5,83,183,12.2,42.35,0.28,6.6
"Hombegowda Nagar, Bengaluru, India",3.4,16,34,3.7,33,708,56,68,6.6,22.8,0.9
"T T Nagar, Bhopal, India",5.2,-7,14,10.6,68.2,701,73,54,5.6,25.2,0.7
"GM Office, Brajrajnagar, India",11.7,15.5,54.0925,5,19.1,1006,35,60,2.3,29,0.275,9.2
"Sector 22, Chandigarh, India",9.6,12.1,29.25,9.7,102.5,966.4,67,133,9.7,27.85,0.42500000000000004
"Royapuram, Chennai, Chennai, India",4.1,72,3.8,7.5,727,26,32,3.3,29,1.2,9.9
"SIDCO Kurichi, Coimbatore, India",4.1,17,51.07,5.2,11.6,795.14,44,63,8.3,35.5,7.5,8.7
"Major Dhyan Chand National Stadium, Delhi, Delhi, India",10.4,10,35.9,12.2,95.7,977.1,157,163,9.8,34.3,1.3,112.5,8.7
"Pan Bazaar, Guwahati, India",3.4,21,78,6.9,1007.5,10,36,13.7,25,10.2
"Somajiguda, Hyderabad, India",5.8,14.5,25.689999999999998,6.8,12.4,1007,64,127,5.1,36,2.87,10.2
"Police Commissionerate, Jaipur, India",3.6,-1.5,10.25,36.7,18.8,731.4325,83,155,7.9,40.215,1.345,11.3
"Ballygunge, Kolkata, India",12.2,24,50.152499999999996,13.5,8.4,1001.9000000000001,87,160,3.6,31,0.9824999999999999,12.6
"B R Ambedkar University, Lucknow, India",2.3,13.5,37.03,4.4,37.2,740.91,69,71,26,34,1.08,9.2
"Kurla, Mumbai, India",1.3,23.5,74.57,1.6,11.7,1002.8475000000001,92,154,33,2.5275
"IGSC Planetarium Complex, Patna, India",14.9,18,62,24.3,745,75,11.5,25.7,2.9,9.2
"Lumpyngngad, Shillong, India",1.5,21,89.62,0.2,21.9,83.76,17,15,2.4,14.02,15.82,10.2
"Talcher Coalfields, Talcher, India",9.8,20.8,14.69,6.8,0.2,67,108,21.6,34,2.37
"Plammoodu, Thiruvananthapuram, India",6.8,26,86,5.3,8.5,749,52,87,7.9,25.5,0.8
"Maninagar, Ahmedabad, India",13.3,14.5,4.854500000000001,11.2,20.7,1001,89,72,27.6,39.5,0.6950000000000001,8.7
"Sikulpuikawn, Aizawl, India",0.6,18.8,96.79249999999999,0.1,1.7,886.36,13,7,0.9,19.4,17.96
"Golden Temple, Amritsar, India",4.6,2,62.6475,3.3,30.7,1001,95,167,5.2,41.904999999999994,0.4975,6.6
"Hombegowda Nagar, Bengaluru, India",4.4,16,42,6.1,26.7,709,58,72,9.5,22.9,1.5
"T T Nagar, Bhopal, India",5.2,-5,15,16.8,58.9,701.5,75,58,5.6,24.525000000000002,0.425
"GM Office, Brajrajnagar, India",11.9,16,50.839999999999996,5,17.8,1008,59,91,2.2,28,0.7366666666666667,9.2
"Sector 22, Chandigarh, India",11.9,14.8,32.25,13.3,96.9,964.8,69,130,9.9,26.55,0.425
"Royapuram, Chennai, Chennai, India",4,75,6.8,4.7,731,15,15,2.7,28,1.1,9.6
"SIDCO Kurichi, Coimbatore, India",4.3,17.5,57.0575,4.4,8.9,796.4549999999999,53,99,8.4,34.5,9.405000000000001,8.7
"Major Dhyan Chand National Stadium, Delhi, Delhi, India",11.3,12.5,38.1,16.2,75.4,977.2,158,160,8.8,33.1,0.9,99.9,8.7
"Pan Bazaar, Guwahati, India",3.4,21,83,6.9,1008,11,39,13.9,24,10.2
"Somajiguda, Hyderabad, India",6.8,16,29.96,6.5,11,1007,63,124,5.2,35.5,2.62,10.2
"Police Commissionerate, Jaipur, India",4.9,-2,10.2625,34.9,15.5,731.3975,72,162,8,39.7375,1.2375,11.3
"Ballygunge, Kolkata, India",12.5,22.5,54.682500000000005,12.8,7.6,1002.425,82,155,3.5,29.5,0.6175,12.6
"B R Ambedkar University, Lucknow, India",2.4,14.5,41.25,4.4,36.7,741.11,72,80,26.6,33.5,1.15,9.2
"Kurla, Mumbai, India",0.3,23,78.91666666666667,1.1,11.7,1002.7666666666668,101,157,30.5,2.9133333333333336
"IGSC Planetarium Complex, Patna, India",14.7,19.5,69,24,745,91,11.3,26.1,2.9,9.2
"Lumpyngngad, Shillong, India",1.9,21,90.13,0.2,21.6,83.78,17,7,2.3,14.8,9.17,10.2
"Talcher Coalfields, Talcher, India",12.4,17.4,16.1725,7.7,0.2,78,87,43.4,32.2,2.55
"Plammoodu, Thiruvananthapuram, India",4.5,25,91,4.7,5.8,749,45,76,7.4,26.1,1.6
"Maninagar, Ahmedabad, India",13.8,16.5,5.70225,11.3,20.9,1001,89,79,28.4,37.5,0.63,8.7
"Sikulpuikawn, Aizawl, India",0.6,18.8,81.18,0.2,0.3,886.6424999999999,30,7,0.8,19.4,6.9125
"Golden Temple, Amritsar, India",0.5,5,62.75749999999999,3.6,30.6,1001,102,160,0.6,41.6225,0.43,6.6
"Hombegowda Nagar, Bengaluru, India",6,19,46.5,6.3,25.8,709.75,60,75,5.3,22.65,1.25
"T T Nagar, Bhopal, India",6.6,-4,21,23.6,27.9,704,84,66,7.1,22.5,0.3
"GM Office, Brajrajnagar, India",12.3,14,46.7575,5,17.7,1005,26,51,2.3,26.5,0.5875,9.2
"Sector 22, Chandigarh, India",13.3,14.8,37.333333333333336,20.3,78.8,964.8,75,142,12.2,26.866666666666664,0.7666666666666666
"Royapuram, Chennai, Chennai, India",4.2,76.5,8.8,3.7,731.75,16,7,2.9,28,1.2000000000000002,8.2
"SIDCO Kurichi, Coimbatore, India",4.2,22,67.3425,3.9,9.8,798.21,58,125,8.3,30,11.17,9.2
"Major Dhyan Chand National Stadium, Delhi, Delhi, India",9.1,13.5,40.2,23.2,53,977.7,162,163,8.4,32,0.3,44.4,8.7
"Pan Bazaar, Guwahati, India",3.8,21,83,6.9,1009,16,54,13.5,24,10.2
"Somajiguda, Hyderabad, India",7.1,18,38.62,5.7,6,1007.5,63,120,4.7,33.5,2.75,10.2
"Police Commissionerate, Jaipur, India",8.4,-1,11.040000000000001,36.5,13.4,731.6,71,162,8.5,38.50666666666667,0.9033333333333333,11.3
"Ballygunge, Kolkata, India",11.5,22,55.416666666666664,11,8.4,1002.8666666666667,84,154,3.4,27,0.62,12.6
"B R Ambedkar University, Lucknow, India",2.5,15,46.02,4.4,35.6,741.59,82,85,27.5,32,1.07,9.2
"Kurla, Mumbai, India",0.3,24,87.565,1.1,11.6,1003.1025,101,157,29.5,2.23
"IGSC Planetarium Complex, Patna, India",14.7,20,70.25,24.2,745,106,11.3,26.1,2.525,9.2
"Lumpyngngad, Shillong, India",1.9,21,89.08,0.2,16.4,83.82,22,7,2.1,16.03,7.98,10.2
"Talcher Coalfields, Talcher, India",12.5,17.4,21.802500000000002,8.5,0.2,90,156,45.4,32.2,2.33
"Plammoodu, Thiruvananthapuram, India",3.7,25,90.5,4.1,4.9,749.5,18,37,6.9,26.174999999999997,0.8999999999999999
"Maninagar, Ahmedabad, India",5.5,16,14.3235,11.1,7.9,1001,101,158,16.2,34,0.47,8.7
"Sikulpuikawn, Aizawl, India",0.6,19.5,74.49,0.2,2.8,888.04,35,9,0.9,21.4,5.75
"Golden Temple, Amritsar, India",0.5,16,62.75749999999999,3.6,30.6,1007,102,151,0.6,15.755,0.39,10.8
"Hombegowda Nagar, Bengaluru, India",3.8,22,54,2.2,24.7,713,25,59,4.8,22.566666666666666,1.2
"T T Nagar, Bhopal, India",7.2,3,25.75,13.3,35.4,700.25,87,75,7.7,22.025,0.925,10.8
"GM Office, Brajrajnagar, India",6.7,16,43.910000000000004,5,40.1,1009,80,134,2.3,33,0.6066666666666666,9.2
"Sector 22, Chandigarh, India",9.1,13.2,46.5,6.7,49.7,968.7,68,96,6.8,25.85,1.4
"Royapuram, Chennai, Chennai, India",10,70,5.4,8.9,729.6666666666666,38,42,4.5,27.766666666666666,1.4000000000000001,7
"SIDCO Kurichi, Coimbatore, India",3.5,22.5,53.699999999999996,5.4,20.6,805.9833333333332,52,54,7.9,30.5,0.08,9.2
"Major Dhyan Chand National Stadium, Delhi, Delhi, India",7.7,15,43.46666666666667,7.9,34,983,131,152,6.7,30.866666666666664,1,128.8,9.2
"Pan Bazaar, Guwahati, India",4.7,21,88,6.9,1012,16,52,10.5,23,10.2
"Somajiguda, Hyderabad, India",7,20,45.307500000000005,5.7,4.8,1012,59,116,4.5,34,1.305,10.2
"Police Commissionerate, Jaipur, India",9.1,-0.5,11.239999999999998,35.5,11.8,731.6424999999999,71,162,8.7,38.2725,0.805,11.3
"Ballygunge, Kolkata, India",7.3,20,99.61,5.9,5.5,1004.6333333333333,23,50,1.9,22.5,1.1166666666666665,10.2
"B R Ambedkar University, Lucknow, India",1.9,19,57.68,4.4,37.2,743.85,72,113,25.9,30,1.3399999999999999,9.2
"Kurla, Mumbai, India",1.8,24,76.79333333333334,1.9,11.5,1006.7033333333333,64,110,32,2.0066666666666664
"IGSC Planetarium Complex, Patna, India",10.7,24,86,24.4,745,105,7.6,26.23333333333333,0.8666666666666666,10.2
"Lumpyngngad, Shillong, India",2.9,21,78.23333333333333,0.2,4.9,83.94333333333333,26,11,2.1,18.73,3.0933333333333333,10.2
"Talcher Coalfields, Talcher, India",10.7,20.7,22.745,10.6,0.2,59,90,35.7,30.6,2.735
"Plammoodu, Thiruvananthapuram, India",1.8,26,67,3.7,3.3,751,23,48,5.3,26.03333333333333,0.9333333333333332
"Maninagar, Ahmedabad, India",5,16,14.7375,11.3,14.3,1001,89,138,14.7,35,0.3,8.7
"Sikulpuikawn, Aizawl, India",0.6,18.3,64.96666666666667,0.2,2.6,887.87,36,10,0.9,28.6,8.583333333333334
"Golden Temple, Amritsar, India",11.5,16,64.61666666666666,5.1,11.1,1006,105,166,12.7,34.9,0.5533333333333333,10.8
"Hombegowda Nagar, Bengaluru, India",3.8,21,48.333333333333336,2.3,31.5,712,27,65,5.2,22.53333333333333,1.2
"T T Nagar, Bhopal, India",7.2,1,36.666666666666664,13.7,31.7,701.6666666666666,87,72,7.7,23.46666666666667,1.6000000000000003,12.3
"GM Office, Brajrajnagar, India",6.3,16,39.87,5.1,43,1008,84,142,2.3,34,0.6366666666666666,9.2
"Sector 22, Chandigarh, India",9.5,13.2,46.333333333333336,7.1,46.6,968.7,64,89,6.8,27.799999999999997,1.4
"Royapuram, Chennai, Chennai, India",4.1,70.66666666666667,4.9,6.6,729,29,30,2.7,27.733333333333334,1.6666666666666667,9.5
"SIDCO Kurichi, Coimbatore, India",3.7,22,46.57666666666666,5.5,16.4,804.8566666666666,51,47,8,33,0.1,9.2
"Major Dhyan Chand National Stadium, Delhi, Delhi, India",7.3,15,41.15,6.3,51.9,982.325,141,153,7,32,1.5,114.9,8.7
"Pan Bazaar, Guwahati, India",4.9,21,94,6.9,1012,19,57,10.2,22,10.2
"Somajiguda, Hyderabad, India",6.9,20,40.965,5.7,4.9,1011,59,114,4.6,35,1.6749999999999998,10.2
"Police Commissionerate, Jaipur, India",9.1,-0.5,11.239999999999998,35.5,11.8,731.6424999999999,71,162,8.7,38.2725,0.805,11.3
"Ballygunge, Kolkata, India",7.3,20,99.61,5.9,5.5,1004.6333333333333,23,50,1.9,22.5,1.1166666666666665,10.2
"B R Ambedkar University, Lucknow, India",2,19,53.04,4.5,40.6,743.34,71,99,26.6,31,1.2566666666666666,9.2
"Kurla, Mumbai, India",1.8,24,76.25666666666667,1.9,11.5,1006.3733333333333,65,112,32,2.5133333333333336
"IGSC Planetarium Complex, Patna, India",10.5,23,72.33333333333333,24.1,745,120,7.4,26.2,1.2333333333333334,10.2
"Lumpyngngad, Shillong, India",3.4,21,83.01333333333334,0.2,2.1,83.94999999999999,34,19,2.1,17.856666666666666,3.3166666666666664,10.2
"Talcher Coalfields, Talcher, India",6.9,20.7,22.672500000000003,6.3,7.1,58,67,19.3,30.6,47.995
"Plammoodu, Thiruvananthapuram, India",2.9,26,69.33333333333333,3.9,6.4,750,29,56,5.1,25.733333333333334,1.9333333333333333
"Maninagar, Ahmedabad, India",4.1,15,15.979999999999999,11.1,33.6,1001,84,104,15.9,36,0.36333333333333334,8.7
"Sikulpuikawn, Aizawl, India",0.6,18.3,56.46666666666666,0.1,1.2,887.4200000000001,38,16,0.9,28.6,5.960000000000001
"Golden Temple, Amritsar, India",17.3,16,64.44,8.1,26.4,1006,132,175,19.2,36.86666666666667,0.7000000000000001,10.8
"Hombegowda Nagar, Bengaluru, India",4,20,43,2.7,48.1,711.75,37,63,4.6,22.175000000000004,1.25
"T T Nagar, Bhopal, India",5.5,1,17.75,14.7,36.8,700,99,63,5.9,23.825000000000003,1.4500000000000002,12.3
"GM Office, Brajrajnagar, India",6.1,16,36.23666666666667,5.2,32.4,1007,62,96,2.2,35,0.7466666666666667,9.2
"Sector 22, Chandigarh, India",8.8,15.2,42.5,7.7,44.8,968.7,64,86,7.5,28.5,1.15
"Royapuram, Chennai, Chennai, India",2.6,70.33333333333333,3.2,7.3,729.6666666666666,20,23,4.7,27.7,1.7666666666666668,10.5
"SIDCO Kurichi, Coimbatore, India",3.6,22,44.05,5.2,35,803.71,45,13,8.1,33,0.39,9.2
"Major Dhyan Chand National Stadium, Delhi, Delhi, India",7.3,15,39.675,6.8,58.5,981.675,140,149,7,32.900000000000006,1.4,118.6,8.7
"Pan Bazaar, Guwahati, India",5.1,21,88,6.9,1011,19,57,10.1,23,10.2
"Somajiguda, Hyderabad, India",6.7,20,36.68,7,5.5,1011,58,99,5.8,35,1.905,10.2
"Police Commissionerate, Jaipur, India",6.3,12,21.875,37.8,29.1,734.015,76,180,6.6,24.69666666666667,0.685,11.3
"Ballygunge, Kolkata, India",7.3,20,99.61,5.9,5.5,1004.6333333333333,23,50,1.9,22.5,1.1166666666666665,10.2
"B R Ambedkar University, Lucknow, India",1.9,19,50.126666666666665,4.5,42.6,742.7966666666666,79,96,26.9,33,1.4500000000000002,9.2
"Kurla, Mumbai, India",1.2,24,76.39500000000001,1.7,11.8,1005.9100000000001,71,124,32,2.805,9.2
"IGSC Planetarium Complex, Patna, India",11,22,66,24.2,745,138,7.9,25.924999999999997,3.45,10.2
"Lumpyngngad, Shillong, India",2.9,21,75.49,0.1,10.7,83.89,29,21,2.1,19.119999999999997,3.5199999999999996,10.2
"Talcher Coalfields, Talcher, India",9.6,20.7,19.3075,8.1,7.1,74,155,25.2,30.6,4.6425
"Plammoodu, Thiruvananthapuram, India",2.5,26,67.5,4.2,6,749,51,84,8.2,24.55,2.4749999999999996
